outcome,coef_exposure_pretrend,std_error,p_value,r_squared,n_obs
avg_first_response_hours,0.004639747490547574,0.04570664762834926,0.9191444788824557,0.4267265605209106,184
backlog_open_end_month,-0.8871498848351886,0.4039587527672963,0.028081940348425687,0.46237430263487334,184
issue_burden_index,-0.0211321595509621,0.015003515316850183,0.1589888214375128,0.45777492416987653,184
issues_opened,-0.7594619956208897,0.19942013279665738,0.00013989622368472374,0.80038349428067,184
issues_per_active_repo,-0.000599754440864012,0.0014625915174096104,0.6817598462670411,0.8483083365114601,184
median_close_days,-0.03382261779509024,0.033982772234881053,0.3195966075547717,0.24484610158021403,184
