outcome,corr_exposure_vs_change,slope_change_per_unit_exposure,intercept,r_squared
avg_first_response_hours,0.9517730379924207,2.426225386299657,0.2437878160775726,0.9058719158493216
backlog_open_end_month,0.26969740954629,2.458755082890203,13.300466687519558,0.07273669271597949
backlog_per_active_repo,-0.5145362920482451,-0.05076847554798285,0.13242644564170442,0.2647475958347568
issue_burden_index,0.9286788529101393,0.7273162638596179,0.5925293541831663,0.8624444118424913
issues_opened,0.9240512548485593,5.384137629027224,7.229562214576161,0.8538707215871969
issues_per_active_repo,-0.22070431002116123,-0.013877512698369676,0.09198193960905418,0.048710392461916996
median_close_days,0.5912989975269752,0.5401563966218346,0.6035649671567094,0.34963450447640565
