outcome,coef_treatment_intensity,se_hc1,t_stat,p_value,n_obs,r_squared
avg_first_response_hours,2.426225386299652,0.4502784954746336,5.388277278803187,7.113624544372257e-08,384,0.7630472041648992
backlog_open_end_month,2.3938041914294246,3.435368154199488,0.6968115450750666,0.4859207400190474,384,0.7960265968302016
issues_opened,5.108629340006248,1.789929667836369,2.854095013789819,0.0043159621065001945,384,0.919227942601855
median_close_days,0.5401563966218302,0.31196904536958686,1.731442284544327,0.08337291040788274,384,0.5970446601525101
