dropped_ecosystem,coef_treatment_intensity,std_error,p_value,n_obs,coef_deviation_from_full_sample
django,6.13804431220082,1.5681594206122007,0.00011415984751761421,336,0.19475910283607423
javascript,6.192105353196272,1.6287412154102432,0.00017659212182086215,336,0.2488201438315265
kubernetes,6.773225567734542,1.5812163671939972,2.5365444923375335e-05,336,0.8299403583697966
python,6.140972985919169,1.7455687728510059,0.0005076631645855034,336,0.1976877765544236
pytorch,6.556380737724465,1.5977072523146036,5.3492807012389676e-05,336,0.6130955283597199
reactjs,5.83454051038155,1.5366122423377846,0.0001798434411128813,336,-0.1087446989831955
rust,3.775436023278072,0.3618687869722859,0.0,336,-2.1678491860866735
tensorflow,6.13557618448307,1.6035045910516348,0.00016066224618316305,336,0.1922909751183246
