outcome,coef_exposure_pretrend,std_error,p_value,r_squared,n_obs
avg_first_response_hours,0.004639747490547574,0.04570664762834926,0.9191444788824557,0.4267265605209106,184
backlog_open_end_month,-0.5191969744362341,0.3891900750629759,0.18218919275717305,0.45045417025196133,184
issue_burden_index,-0.01607097627544884,0.015029908383082694,0.28494963886864455,0.45471752175635516,184
issues_opened,-0.017470924446207958,0.17028901152265838,0.918283836593559,0.8160379816972319,184
issues_per_active_repo,8.979584728004489e-05,0.001555343117365232,0.9539606809334835,0.8424749731018616,184
median_close_days,-0.03382261779509024,0.033982772234881053,0.3195966075547717,0.24484610158021403,184
