placebo_split_month,coef,std_error,t_stat,p_value,n_obs
2021-06-01,-0.38616670325724867,2.231383969441974,-0.1730615208075648,0.8628363782402089,184
