outcome,corr_exposure_vs_change,slope_change_per_unit_exposure,intercept,r_squared
avg_first_response_hours,0.9517730379924207,2.426225386299657,0.2437878160775726,0.9058719158493216
backlog_open_end_month,0.27398110089217587,2.393804191429483,13.487017078511094,0.07506564364608859
backlog_per_active_repo,-0.3797906429355351,-0.03311064757355936,0.11702854563469185,0.14424093246138703
issue_burden_index,0.9248671388243985,0.7325627167080085,0.5816838780507481,0.8553792244772287
issues_opened,0.8898036681637893,5.10862934000625,7.544632593055997,0.7917505678777349
issues_per_active_repo,-0.1687756661408435,-0.010556653369261593,0.08914871459200388,0.02848522548128607
median_close_days,0.5912989975269752,0.5401563966218346,0.6035649671567094,0.34963450447640565
