ecosystem,so_dependence_pre,exposure_bucket,avg_issues_opened,avg_close_days,avg_response_hours,avg_backlog,avg_issues_per_active_repo,avg_backlog_per_active_repo,avg_issue_burden_index
python,0.82,high,67.10416666666667,10.38,15.478541666666667,164.20833333333334,0.47784106246763436,1.1700869028008765,0.27365336237417087
javascript,0.76,high,68.8125,10.276458333333332,15.13875,163.8125,0.4377774252436026,1.0428156431859772,0.10099483900228935
reactjs,0.73,high,61.854166666666664,10.213125,14.959375,160.27083333333334,0.5215958019112857,1.3527293988693676,0.1537929677649799
django,0.69,mid,57.104166666666664,10.277708333333333,14.615833333333333,156.5625,0.59934525207767,1.6462842307010448,0.26746646344476244
tensorflow,0.62,mid,57.354166666666664,9.987083333333333,14.625208333333333,156.3125,0.5759441700752662,1.5719917561671755,0.1071344865113697
pytorch,0.48,low,53.5625,9.745,13.822291666666667,151.58333333333334,0.5918853797091713,1.6783025285110076,-0.12217495010624024
kubernetes,0.41,low,57.0625,9.695208333333333,13.631666666666668,153.0,0.5036300839896605,1.352058974530073,-0.39748626992807345
rust,0.34,low,51.3125,9.45125,13.084166666666667,148.66666666666666,0.5893590224647891,1.7126469791474381,-0.3833808990632557
